timestamp(ms),Speed_RPM,Error,
"1705049901.276","0",,
"1705049901.278",,"100",
"1705049901.288","18.08",,
"1705049901.289",,"81.92",
"1705049901.3","30.92",,
"1705049901.302",,"69.08",
"1705049901.31","44.27",,
"1705049901.312",,"55.73",
"1705049901.321","62.6",,
"1705049901.323",,"37.4",
"1705049901.333","67.81",,
"1705049901.335",,"32.19",
"1705049901.344","74.7",,
"1705049901.346",,"25.3",
"1705049901.356","91.46",,
"1705049901.357",,"8.54",
"1705049901.367","87.21",,
"1705049901.368",,"12.79",
"1705049901.379","94.46",,
"1705049901.38",,"5.54",
"1705049901.39","85.23",,
"1705049901.391",,"14.77",
"1705049901.401","70.75",,
"1705049901.403",,"29.25",
"1705049901.413","60.1",,
"1705049901.415",,"39.9",
"1705049901.425","55.56",,
"1705049901.426",,"44.44",
"1705049901.436","45.84",,
"1705049901.438",,"54.16",
"1705049901.448","33.36",,
"1705049901.449",,"66.64",
"1705049901.459","29.18",,
"1705049901.46",,"70.82",
"1705049901.47","24.12",,
"1705049901.472",,"75.88",
"1705049901.482","21.17",,
"1705049901.483",,"78.83",
"1705049901.493","19.98",,
"1705049901.494",,"80.02",
"1705049901.504","39.98",,
"1705049901.506",,"60.02",
"1705049901.516","44.17",,
"1705049901.518",,"55.83",
"1705049901.527","53.19",,
"1705049901.529",,"46.81",
"1705049901.539","70.49",,
"1705049901.54",,"29.51",
"1705049901.55","68.56",,
"1705049901.552",,"31.44",
"1705049901.561","77.32",,
"1705049901.563",,"22.68",
"1705049901.573","80.65",,
"1705049901.574",,"19.35",
"1705049901.584","76.22",,
"1705049901.586",,"23.78",
"1705049901.596","73.1",,
"1705049901.598",,"26.9",
"1705049901.607","64.21",,
"1705049901.609",,"35.79",
"1705049901.618","62.4",,
"1705049901.62",,"37.6",
"1705049901.63","58.59",,
"1705049901.633",,"41.41",
"1705049901.641","49.02",,
"1705049901.643",,"50.98",
"1705049901.652","50.81",,
"1705049901.654",,"49.19",
"1705049901.664","47.41",,
"1705049901.666",,"52.59",
"1705049901.675","39.1",,
"1705049901.677",,"60.9",
"1705049901.687","36.95",,
"1705049901.689",,"63.05",
"1705049901.699","43.3",,
"1705049901.7",,"56.7",
"1705049901.71","51.3",,
"1705049901.711",,"48.7",
"1705049901.721","48.76",,
"1705049901.722",,"51.24",
"1705049901.733","53.42",,
"1705049901.734",,"46.58",
"1705049901.744","66.25",,
"1705049901.746",,"33.75",
"1705049901.756","62.81",,
"1705049901.757",,"37.19",
"1705049901.767","61.58",,
"1705049901.768",,"38.42",
"1705049901.778","70.75",,
"1705049901.78",,"29.25",
"1705049901.79","65.22",,
"1705049901.791",,"34.78",
"1705049901.802","67.57",,
"1705049901.803",,"32.43",
"1705049901.813","64.88",,
"1705049901.815",,"35.12",
"1705049901.825","55.31",,
"1705049901.826",,"44.69",
"1705049901.836","57.08",,
"1705049901.838",,"42.92",
"1705049901.848","55.15",,
"1705049901.849",,"44.85",
"1705049901.858","48.32",,
"1705049901.86",,"51.68",
"1705049901.87","52.08",,
"1705049901.872",,"47.92",
"1705049901.882","51.02",,
"1705049901.884",,"48.98",
"1705049901.894","46.07",,
"1705049901.895",,"53.93",
"1705049901.904","44.96",,
"1705049901.906",,"55.04",
"1705049901.917","51.72",,
"1705049901.918",,"48.28",
"1705049901.927","54.9",,
"1705049901.929",,"45.1",
"1705049901.938","52.08",,
"1705049901.94",,"47.92",
"1705049901.95","53.12",,
"1705049901.952",,"46.88",
"1705049901.961","55.89",,
"1705049901.963",,"44.11",
"1705049901.973","56.14",,
"1705049901.974",,"43.86",
"1705049901.984","56.31",,
"1705049901.986",,"43.69",
"1705049901.995","63.34",,
"1705049901.997",,"36.66",
"1705049902.007","56.31",,
"1705049902.008",,"43.69",
"1705049902.018","53.12",,
"1705049902.02",,"46.88",
"1705049902.03","55.89",,
"1705049902.032",,"44.11",
"1705049902.041","49.73",,
"1705049902.043",,"50.27",
"1705049902.053","53.27",,
"1705049902.054",,"46.73",
"1705049902.065","52.45",,
"1705049902.066",,"47.55",
"1705049902.076","47.77",,
"1705049902.077",,"52.23",
"1705049902.087","45.13",,
"1705049902.089",,"54.87",
"1705049902.099","47.77",,
"1705049902.101",,"52.23",
"1705049902.11","45.62",,
"1705049902.112",,"54.38",
"1705049902.121","47.47",,
"1705049902.123",,"52.53",
"1705049902.133","54.51",,
"1705049902.134",,"45.49",
"1705049902.144","56.9",,
"1705049902.146",,"43.1",
"1705049902.156","54.51",,
"1705049902.158",,"45.49",
"1705049902.167","53.04",,
"1705049902.169",,"46.96",
"1705049902.178","63.03",,
"1705049902.18",,"36.97",
"1705049902.19","57.6",,
"1705049902.191",,"42.4",
"1705049902.201","55.72",,
"1705049902.203",,"44.28",
"1705049902.213","64.99",,
"1705049902.215",,"35.01",
"1705049902.224","57.08",,
"1705049902.226",,"42.92",
"1705049902.236","53.57",,
"1705049902.237",,"46.43",
"1705049902.247","62.09",,
"1705049902.249",,"37.91",
"1705049902.258","51.87",,
"1705049902.26",,"48.13",
"1705049902.27","52.08",,
"1705049902.271",,"47.92",
"1705049902.282","60.1",,
"1705049902.284",,"39.9",
"1705049902.293","50.47",,
"1705049902.294",,"49.53",
"1705049902.304","50.88",,
"1705049902.306",,"49.12",
"1705049902.317","55.31",,
"1705049902.318",,"44.69",
"1705049902.327","56.99",,
"1705049902.329",,"43.01",
"1705049902.338","52.59",,
"1705049902.34",,"47.41",
"1705049902.35","52.59",,
"1705049902.352",,"47.41",
"1705049902.361","54.51",,
"1705049902.363",,"45.49",
"1705049902.373","54.03",,
"1705049902.374",,"45.97",
"1705049902.384","53.8",,
"1705049902.386",,"46.2",
"1705049902.395","55.31",,
"1705049902.397",,"44.69",
"1705049902.407","54.66",,
"1705049902.409",,"45.34",
"1705049902.419","53.96",,
"1705049902.42",,"46.04",
"1705049902.43","55.23",,
"1705049902.432",,"44.77",
"1705049902.442","53.5",,
"1705049902.443",,"46.5",
"1705049902.453","58.5",,
"1705049902.455",,"41.5",
"1705049902.465","53.65",,
"1705049902.467",,"46.35",
"1705049902.476","52.45",,
"1705049902.478",,"47.55",
"1705049902.488","57.52",,
"1705049902.489",,"42.48",
"1705049902.499","57.96",,
"1705049902.501",,"42.04",
"1705049902.51","54.03",,
"1705049902.512",,"45.97",
"1705049902.522","51.3",,
"1705049902.524",,"48.7",
"1705049902.534","60.58",,
"1705049902.535",,"39.42",
"1705049902.545","54.43",,
"1705049902.548",,"45.57",
"1705049902.557","51.72",,
"1705049902.558",,"48.28",
"1705049902.568","60.78",,
"1705049902.57",,"39.22",
"1705049902.58","51.51",,
"1705049902.582",,"48.49",
"1705049902.591","52.3",,
"1705049902.593",,"47.7",
"1705049902.603","56.82",,
"1705049902.604",,"43.18",
"1705049902.614","57.43",,
"1705049902.616",,"42.57",
"1705049902.626","52.23",,
"1705049902.627",,"47.77",
"1705049902.637","55.8",,
"1705049902.644",,"44.2",
"1705049902.664","55.89",,
"1705049902.679","49.87","50.13",
"1705049902.686","50.88","49.12",
"1705049902.696","49.87",,
"1705049902.697",,"50.13",
"1705049902.706","49.15",,
"1705049902.709",,"50.85",
"1705049902.72","54.9",,
"1705049902.723",,"45.1",
"1705049902.729","48.64",,
"1705049902.731",,"51.36",
"1705049902.741","49.54",,
"1705049902.742",,"50.46",
"1705049902.753","53.8",,
"1705049902.754",,"46.2",
"1705049902.764","54.74",,
"1705049902.766",,"45.26",
"1705049902.775","50.07",,
"1705049902.777",,"49.93",
"1705049902.787","49.93",,
"1705049902.789",,"50.07",
"1705049902.799","51.51",,
"1705049902.8",,"48.49",
"1705049902.81","50.74",,
"1705049902.812",,"49.26",
"1705049902.821","56.14",,
"1705049902.823",,"43.86",
"1705049902.833","51.87",,
"1705049902.835",,"48.13",
"1705049902.845","50.74",,
"1705049902.846",,"49.26",
"1705049902.856","50.4",,
"1705049902.858",,"49.6",
"1705049902.868","56.48",,
"1705049902.87",,"43.52",
"1705049902.88","52.74",,
"1705049902.881",,"47.26",
"1705049902.891","50.34",,
"1705049902.892",,"49.66",
"1705049902.902","58.78",,
"1705049902.904",,"41.22",
"1705049902.914","49.67",,
"1705049902.916",,"50.33",
"1705049902.925","50.27",,
"1705049902.927",,"49.73",
"1705049902.937","54.99",,
"1705049902.939",,"45.01",
"1705049902.948","57.08",,
"1705049902.95",,"42.92",
"1705049902.96","52.74",,
"1705049902.962",,"47.26",
"1705049902.971","53.04",,
"1705049902.973",,"46.96",
"1705049902.983","54.82",,
"1705049902.984",,"45.18",
"1705049902.994","54.51",,
"1705049902.996",,"45.49",
"1705049903.006","54.82",,
"1705049903.008",,"45.18",
"1705049903.018","56.82",,
"1705049903.019",,"43.18",
"1705049903.029","56.14",,
"1705049903.03",,"43.86",
"1705049903.04","55.23",,
"1705049903.042",,"44.77",
"1705049903.052","59.62",,
"1705049903.054",,"40.38",
"1705049903.063","53.65",,
"1705049903.065",,"46.35",
"1705049903.075","52.45",,
"1705049903.076",,"47.55",
"1705049903.086","53.42",,
"1705049903.088",,"46.58",
"1705049903.098","52.08",,
"1705049903.1",,"47.92",
"1705049903.109","56.99",,
"1705049903.111",,"43.01",
"1705049903.121","52.08",,
"1705049903.122",,"47.92",
"1705049903.134","50.88",,
"1705049903.135",,"49.12",
"1705049903.144","56.99",,
"1705049903.146",,"43.01",
"1705049903.155","58.96",,
"1705049903.157",,"41.04",
"1705049903.167","55.8",,
"1705049903.169",,"44.2",
"1705049903.178","53.96",,
"1705049903.18",,"46.04",
"1705049903.19","61.07",,
"1705049903.191",,"38.93",
"1705049903.201","57.34",,
"1705049903.203",,"42.66",
"1705049903.213","54.82",,
"1705049903.215",,"45.18",
"1705049903.224","62.09",,
"1705049903.226",,"37.91",
"1705049903.236","58.14",,
"1705049903.237",,"41.86",
"1705049903.247","54.59",,
"1705049903.249",,"45.41",
"1705049903.259","59.52",,
"1705049903.26",,"40.48",
"1705049903.27","54.82",,
"1705049903.272",,"45.18",
"1705049903.282","51.16",,
"1705049903.284",,"48.84",
"1705049903.293","58.96",,
"1705049903.295",,"41.04",
"1705049903.305","49.41",,
"1705049903.307",,"50.59",
"1705049903.316","49.73",,
"1705049903.318",,"50.27",
"1705049903.327","53.34",,
"1705049903.329",,"46.66",
"1705049903.339","53.65",,
"1705049903.34",,"46.35",
"1705049903.351","49.28",,
"1705049903.352",,"50.72",
"1705049903.362","55.23",,
"1705049903.364",,"44.77",
"1705049903.373","51.65",,
"1705049903.375",,"48.35",
"1705049903.385","51.37",,
"1705049903.386",,"48.63",
"1705049903.397","57.16",,
"1705049903.399",,"42.84",
"1705049903.408","58.14",,
"1705049903.41",,"41.86",
"1705049903.419","54.51",,
"1705049903.421",,"45.49",
"1705049903.431","52.3",,
"1705049903.433",,"47.7",
"1705049903.442","61.17",,
"1705049903.444",,"38.83",
"1705049903.454","51.16",,
"1705049903.455",,"48.84",
"1705049903.466","50.4",,
"1705049903.467",,"49.6",
"1705049903.477","53.42",,
"1705049903.479",,"46.58",
"1705049903.488","53.12",,
"1705049903.49",,"46.88",
"1705049903.5","47.59",,
"1705049903.502",,"52.41",
"1705049903.511","46.18",,
"1705049903.513",,"53.82",
"1705049903.523","51.58",,
"1705049903.525",,"48.42",
"1705049903.535","47.59",,
"1705049903.536",,"52.41",
"1705049903.546","45.18",,
"1705049903.548",,"54.82",
"1705049903.557","50.4",,
"1705049903.559",,"49.6",
"1705049903.569","54.35",,
"1705049903.571",,"45.65",
"1705049903.581","52.16",,
"1705049903.582",,"47.84",
"1705049903.592","53.42",,
"1705049903.594",,"46.58",
"1705049903.604","61.07",,
"1705049903.605",,"38.93",
"1705049903.616","56.9",,
"1705049903.617",,"43.1",
"1705049903.627","62.92",,
"1705049903.628",,"37.08",
"1705049903.638","58.41",,
"1705049903.64",,"41.59",
"1705049903.649","59.52",,
"1705049903.651",,"40.48",
"1705049903.661","68.06",,
"1705049903.663",,"31.94",
"1705049903.673","58.78",,
"1705049903.675",,"41.22",
"1705049903.684","54.35",,
"1705049903.686",,"45.65",
"1705049903.696","61.98",,
"1705049903.697",,"38.02",
"1705049903.707","51.58",,
"1705049903.709",,"48.42",
"1705049903.719","51.3",,
"1705049903.72",,"48.7",
"1705049903.73","58.5",,
"1705049903.732",,"41.5",
"1705049903.742","48.83",,
"1705049903.743",,"51.17",
"1705049903.753","49.02",,
"1705049903.755",,"50.98",
"1705049903.765","48.96",,
"1705049903.767",,"51.04",
"1705049903.776","56.48",,
"1705049903.778",,"43.52",
"1705049903.788","53.04",,
"1705049903.79",,"46.96",
"1705049903.8","53.72",,
"1705049903.801",,"46.28",
"1705049903.811","56.14",,
"1705049903.813",,"43.86",
"1705049903.822","56.31",,
"1705049903.824",,"43.69",
"1705049903.835","56.56",,
"1705049903.836",,"43.44",
"1705049903.845","62.71",,
"1705049903.847",,"37.29",
"1705049903.857","57.78",,
"1705049903.858",,"42.22",
"1705049903.868","61.48",,
"1705049903.87",,"38.52",
"1705049903.88","60.78",,
"1705049903.882",,"39.22",
"1705049903.891","54.27",,
"1705049903.893",,"45.73",
"1705049903.903","57.16",,
"1705049903.905",,"42.84",
"1705049903.915","57.34",,
"1705049903.916",,"42.66",
"1705049903.926","51.51",,
"1705049903.928",,"48.49",
"1705049903.938","50.54",,
"1705049903.939",,"49.46",
"1705049903.949","51.51",,
"1705049903.951",,"48.49",
"1705049903.96","50.27",,
"1705049903.962",,"49.73",
"1705049903.972","56.39",,
"1705049903.973",,"43.61",
"1705049903.983","58.5",,
"1705049903.985",,"41.5",
"1705049903.995","55.64",,
"1705049903.996",,"44.36",
"1705049904.006","60.1",,
"1705049904.008",,"39.9",
"1705049904.018","61.48",,
"1705049904.02",,"38.52",
"1705049904.029","57.96",,
"1705049904.031",,"42.04",
"1705049904.041","61.68",,
"1705049904.042",,"38.32",
"1705049904.052","63.03",,
"1705049904.054",,"36.97",
"1705049904.064","56.99",,
"1705049904.065",,"43.01",
"1705049904.075","62.09",,
"1705049904.077",,"37.91",
"1705049904.087","55.89",,
"1705049904.088",,"44.11",
"1705049904.098","53.96",,
"1705049904.1",,"46.04",
"1705049904.109","58.87",,
"1705049904.111",,"41.13",
"1705049904.121","59.15",,
"1705049904.123",,"40.85",
"1705049904.133","54.66",,
"1705049904.134",,"45.34",
"1705049904.144","51.51",,
"1705049904.146",,"48.49",
"1705049904.156","57.69",,
"1705049904.157",,"42.31",
"1705049904.167","53.57",,
"1705049904.169",,"46.43",
"1705049904.178","51.09",,
"1705049904.181",,"48.91",
"1705049904.19","60.1",,
"1705049904.191",,"39.9",
"1705049904.202","51.16",,
"1705049904.203",,"48.84",
"1705049904.213","52.23",,
"1705049904.214",,"47.77",
"1705049904.224","56.48",,
"1705049904.226",,"43.52",
"1705049904.236","57.69",,
"1705049904.237",,"42.31",
"1705049904.247","52.74",,
"1705049904.25",,"47.26",
"1705049904.259","56.99",,
"1705049904.26",,"43.01",
"1705049904.27","57.87",,
"1705049904.272",,"42.13",
"1705049904.282","52.59",,
"1705049904.283",,"47.41",
"1705049904.293","51.37",,
"1705049904.295",,"48.63",
"1705049904.305","52.23",,
"1705049904.306",,"47.77",
"1705049904.316","50.88",,
"1705049904.318",,"49.12",
"1705049904.329","55.64",,
"1705049904.331",,"44.36",
"1705049904.339","55.97",,
"1705049904.341",,"44.03",
"1705049904.351","52.01",,
"1705049904.353",,"47.99",
"1705049904.362","49.02",,
"1705049904.364",,"50.98",
"1705049904.374","57.34",,
"1705049904.375",,"42.66",
"1705049904.385","48.51",,
"1705049904.387",,"51.49",
"1705049904.397","49.15",,
"1705049904.399",,"50.85",
"1705049904.408","53.12",,
"1705049904.41",,"46.88",
"1705049904.42","53.88",,
"1705049904.421",,"46.12",
"1705049904.431","49.47",,
"1705049904.433",,"50.53",
"1705049904.443","54.43",,
"1705049904.444",,"45.57",
"1705049904.454","54.9",,
"1705049904.456",,"45.1",
"1705049904.466","51.51",,
"1705049904.467",,"48.49",
"1705049904.477","49.08",,
"1705049904.479",,"50.92",
"1705049904.489","58.23",,
"1705049904.49",,"41.77",
"1705049904.5","51.02",,
"1705049904.502",,"48.98",
"1705049904.512","52.89",,
"1705049904.514",,"47.11",
"1705049904.524","63.45",,
"1705049904.525",,"36.55",
"1705049904.535","54.82",,
"1705049904.537",,"45.18",
"1705049904.546","56.39",,
"1705049904.548",,"43.61",
"1705049904.558","66.37",,
"1705049904.56",,"33.63",
"1705049904.57","60.1",,
"1705049904.571",,"39.9",
"1705049904.581","57.87",,
"1705049904.583",,"42.13",
"1705049904.593","63.78",,
"1705049904.594",,"36.22",
"1705049904.604","58.5",,
"1705049904.606",,"41.5",
"1705049904.616","60.29",,
"1705049904.618",,"39.71",
"1705049904.627","60.19",,
"1705049904.629",,"39.81",
"1705049904.639","55.39",,
"1705049904.64",,"44.61",
"1705049904.65","51.87",,
"1705049904.652",,"48.13",
"1705049904.662","57.34",,
"1705049904.664",,"42.66",
"1705049904.673","53.12",,
"1705049904.675",,"46.88",
"1705049904.685","50.54",,
"1705049904.687",,"49.46",
"1705049904.696","59.81",,
"1705049904.698",,"40.19",
"1705049904.708","51.87",,
"1705049904.709",,"48.13",
"1705049904.719","53.42",,
"1705049904.721",,"46.58",
"1705049904.73","58.78",,
"1705049904.732",,"41.22",
"1705049904.742","54.59",,
"1705049904.744",,"45.41",
"1705049904.753","55.97",,
"1705049904.755",,"44.03",
"1705049904.765","60.88",,
"1705049904.767",,"39.12",
"1705049904.818","65.91","43.01",
"1705049904.819","54.74","45.26",
"1705049904.829","54.03","45.97",
"1705049904.834","62.5",,
"1705049904.836",,"37.5",
"1705049904.846","52.52",,
"1705049904.847",,"47.48",
"1705049904.857","52.45",,
"1705049904.859",,"47.55",
"1705049904.869","60.29",,
"1705049904.87",,"39.71",
"1705049904.88","50.95",,
"1705049904.881",,"49.05",
"1705049904.891","51.23",,
"1705049904.893",,"48.77",
"1705049904.903","55.8",,
"1705049904.905",,"44.2",
"1705049904.915","57.87",,
"1705049904.916",,"42.13",
"1705049904.926","53.42",,
"1705049904.928",,"46.58",
"1705049904.937","53.72",,
"1705049904.939",,"46.28",
"1705049904.949","60.1",,
"1705049904.951",,"39.9",
"1705049904.96","55.15",,
"1705049904.962",,"44.85",
"1705049904.972","54.82",,
"1705049904.973",,"45.18",
"1705049904.983","60.78",,
"1705049904.985",,"39.22",
"1705049904.994","55.56",,
"1705049904.996",,"44.44",
"1705049905.006","59.34",,
"1705049905.008",,"40.66",
"1705049905.018","59.62",,
"1705049905.019",,"40.38",
"1705049905.029","53.96",,
"1705049905.031",,"46.04",
"1705049905.041","53.34",,
"1705049905.042",,"46.66",
"1705049905.052","58.78",,
"1705049905.054",,"41.22",
"1705049905.064","53.27",,
"1705049905.065",,"46.73",
"1705049905.075","52.82",,
"1705049905.077",,"47.18",
"1705049905.086","54.11",,
"1705049905.088",,"45.89",
"1705049905.098","53.04",,
"1705049905.1",,"46.96",
"1705049905.109","52.74",,
"1705049905.111",,"47.26",
"1705049905.121","54.35",,
"1705049905.123",,"45.65",
"1705049905.133","53.8",,
"1705049905.134",,"46.2",
"1705049905.144","59.43",,
"1705049905.146",,"40.57",
"1705049905.156","54.99",,
"1705049905.157",,"45.01",
"1705049905.167","54.43",,
"1705049905.169",,"45.57",
"1705049905.179","60.1",,
"1705049905.18",,"39.9",
"1705049905.19","55.15",,
"1705049905.192",,"44.85",
"1705049905.202","54.27",,
"1705049905.203",,"45.73",
"1705049905.213","60.19",,
"1705049905.215",,"39.81",
"1705049905.225","55.47",,
"1705049905.226",,"44.53",
"1705049905.236","54.27",,
"1705049905.238",,"45.73",
"1705049905.248","59.52",,
"1705049905.249",,"40.48",
"1705049905.259","54.9",,
"1705049905.261",,"45.1",
"1705049905.271","54.11",,
"1705049905.272",,"45.89",
"1705049905.282","59.43",,
"1705049905.284",,"40.57",
"1705049905.293","59.9",,
"1705049905.295",,"40.1",
"1705049905.305","53.96",,
"1705049905.307",,"46.04",
"1705049905.317","59.24",,
"1705049905.319",,"40.76",
"1705049905.328","59.71",,
"1705049905.33",,"40.29",
"1705049905.34","56.05",,
"1705049905.341",,"43.95",
"1705049905.351","59.06",,
"1705049905.353",,"40.94",
"1705049905.363","59.71",,
"1705049905.364",,"40.29",
"1705049905.374","56.05",,
"1705049905.376",,"43.95",
"1705049905.386","53.27",,
"1705049905.387",,"46.73",
"1705049905.397","59.71",,
"1705049905.4",,"40.29",
"1705049905.408","56.05",,
"1705049905.41",,"43.95",
"1705049905.421","52.89",,
"1705049905.422",,"47.11",
"1705049905.431","61.48",,
"1705049905.433",,"38.52",
"1705049905.443","51.87",,
"1705049905.445",,"48.13",
"1705049905.454","52.3",,
"1705049905.456",,"47.7",
"1705049905.466","60.29",,
"1705049905.468",,"39.71",
"1705049905.477","51.09",,
"1705049905.479",,"48.91",
"1705049905.489","51.72",,
"1705049905.49",,"48.28",
"1705049905.5","55.8",,
"1705049905.503",,"44.2",
"1705049905.512","56.48",,
"1705049905.513",,"43.52",
"1705049905.523","51.58",,
"1705049905.525",,"48.42",
"1705049905.535","51.16",,
"1705049905.537",,"48.84",
"1705049905.546","52.3",,
"1705049905.548",,"47.7",
"1705049905.558","51.3",,
"1705049905.559",,"48.7",
"1705049905.569","56.65",,
"1705049905.571",,"43.35",
"1705049905.581","57.25",,
"1705049905.583",,"42.75",
"1705049905.592","51.3",,
"1705049905.594",,"48.7",
"1705049905.604","50.95",,
"1705049905.606",,"49.05",
"1705049905.615","56.99",,
"1705049905.617",,"43.01",
"1705049905.627","53.42",,
"1705049905.629",,"46.58",
"1705049905.638","50.68",,
"1705049905.64",,"49.32",
"1705049905.65","59.34",,
"1705049905.652",,"40.66",
"1705049905.661","50.27",,
"1705049905.663",,"49.73",
"1705049905.673","51.02",,
"1705049905.674",,"48.98",
"1705049905.684","55.39",,
"1705049905.686",,"44.61",
"1705049905.695","55.8",,
"1705049905.697",,"44.2",
"1705049905.707","51.09",,
"1705049905.709",,"48.91",
"1705049905.719","50.68",,
"1705049905.72",,"49.32",
"1705049905.73","52.52",,
"1705049905.731",,"47.48",
"1705049905.741","52.97",,
"1705049905.743",,"47.03",
"1705049905.753","59.43",,
"1705049905.754",,"40.57",
"1705049905.764","55.39",,
"1705049905.766",,"44.61",
"1705049905.775","55.15",,
"1705049905.777",,"44.85",
"1705049905.787","61.58",,
"1705049905.789",,"38.42",
"1705049905.798","57.25",,
"1705049905.8",,"42.75",
"1705049905.81","56.56",,
"1705049905.812",,"43.44",
"1705049905.821","56.05",,
"1705049905.823",,"43.95",
"1705049905.833","57.69",,
"1705049905.835",,"42.31",
"1705049905.844","55.72",,
"1705049905.846",,"44.28",
"1705049905.856","54.82",,
"1705049905.858",,"45.18",
"1705049905.867","59.9",,
"1705049905.869",,"40.1",
"1705049905.879","54.35",,
"1705049905.881",,"45.65",
"1705049905.89","53.65",,
"1705049905.892",,"46.35",
"1705049905.902","54.74",,
"1705049905.903",,"45.26",
"1705049905.913","53.42",,
"1705049905.915",,"46.58",
"1705049905.925","52.67",,
"1705049905.927",,"47.33",
"1705049905.937","54.11",,
"1705049905.938",,"45.89",
"1705049905.948","53.88",,
"1705049905.949",,"46.12",
"1705049905.959","59.71",,
"1705049905.961",,"40.29",
"1705049905.971","55.23",,
"1705049905.973",,"44.77",
"1705049905.983","54.59",,
"1705049905.984",,"45.41",
"1705049905.994","60.48",,
"1705049905.996",,"39.52",
"1705049906.005","56.31",,
"1705049906.007",,"43.69",
"1705049906.017","55.56",,
"1705049906.019",,"44.44",
"1705049906.028","61.58",,
"1705049906.03",,"38.42",
"1705049906.04","56.05",,
"1705049906.042",,"43.95",
"1705049906.052","53.42",,
"1705049906.053",,"46.58",
"1705049906.063","57.34",,
"1705049906.065",,"42.66",
"1705049906.075","51.3",,
"1705049906.076",,"48.7",
"1705049906.087","51.87",,
"1705049906.088",,"48.13",
"1705049906.098","48.58",,
"1705049906.099",,"51.42",
"1705049906.109","55.97",,
"1705049906.111",,"44.03",
"1705049906.121","46.7",,
"1705049906.123",,"53.3",
"1705049906.132","46.99",,
"1705049906.134",,"53.01",
"1705049906.144","47.65",,
"1705049906.145",,"52.35",
"1705049906.155","56.31",,
"1705049906.157",,"43.69",
"1705049906.167","53.42",,
"1705049906.168",,"46.58",
"1705049906.178","54.74",,
"1705049906.18",,"45.26",
"1705049906.19","62.5",,
"1705049906.191",,"37.5",
"1705049906.201","57.87",,
"1705049906.203",,"42.13",
"1705049906.213","63.56",,
"1705049906.214",,"36.44",
"1705049906.224","65.1",,
"1705049906.226",,"34.9",
"1705049906.236","60",,
"1705049906.237",,"40",
"1705049906.247","68.18",,
"1705049906.249",,"31.82",
"1705049906.258","56.39",,
"1705049906.26",,"43.61",
"1705049906.271","54.82",,
"1705049906.272",,"45.18",
"1705049906.281","62.6",,
"1705049906.283",,"37.4",
"1705049906.293","52.16",,
"1705049906.295",,"47.84",
"1705049906.305","51.87",,
"1705049906.306",,"48.13",
"1705049906.316","59.15",,
"1705049906.318",,"40.85",
"1705049906.328","49.6",,
"1705049906.329",,"50.4",
"1705049906.339","49.87",,
"1705049906.341",,"50.13",
"1705049906.351","49.87",,
"1705049906.353",,"50.13",
"1705049906.362","57.25",,
"1705049906.364",,"42.75",
"1705049906.374","53.65",,
"1705049906.376",,"46.35",
"1705049906.385","54.03",,
"1705049906.388",,"45.97",
"1705049906.397","60.78",,
"1705049906.398",,"39.22",
"1705049906.408","56.05",,
"1705049906.41",,"43.95",
"1705049906.42","55.89",,
"1705049906.421",,"44.11",
"1705049906.431","62.6",,
"1705049906.433",,"37.4",
"1705049906.443","57.6",,
"1705049906.444",,"42.4",
"1705049906.455","61.27",,
"1705049906.457",,"38.73",
"1705049906.466","61.17",,
"1705049906.468",,"38.83",
"1705049906.477","54.66",,
"1705049906.479",,"45.34",
"1705049906.489","58.5",,
"1705049906.49",,"41.5",
"1705049906.5","58.69",,
"1705049906.503",,"41.31",
"1705049906.511","52.74",,
"1705049906.513",,"47.26",
"1705049906.523","51.72",,
"1705049906.525",,"48.28",
"1705049906.535","56.48",,
"1705049906.537",,"43.52",
"1705049906.546","51.3",,
"1705049906.548",,"48.7",
"1705049906.557","51.72",,
"1705049906.559",,"48.28",
"1705049906.569","54.19",,
"1705049906.571",,"45.81",
"1705049906.58","54.11",,
"1705049906.582",,"45.89",
"1705049906.592","60.29",,
"1705049906.593",,"39.71",
"1705049906.604","56.48",,
"1705049906.605",,"43.52",
"1705049906.615","55.97",,
"1705049906.617",,"44.03",
"1705049906.626","55.97",,
"1705049906.628",,"44.03",
"1705049906.638","57.52",,
"1705049906.64",,"42.48",
"1705049906.649","56.9",,
"1705049906.651",,"43.1",
"1705049906.661","56.22",,
"1705049906.662",,"43.78",
"1705049906.672","60.98",,
"1705049906.674",,"39.02",
"1705049906.684","54.74",,
"1705049906.686",,"45.26",
"1705049906.695","53.65",,
"1705049906.697",,"46.35",
"1705049906.707","58.78",,
"1705049906.709",,"41.22",
"1705049906.719","53.27",,
"1705049906.72",,"46.73",
"1705049906.73","52.3",,
"1705049906.732",,"47.7",
"1705049906.741","53.57",,
"1705049906.743",,"46.43",
"1705049906.753","52.37",,
"1705049906.754",,"47.63",
"1705049906.764","58.05",,
"1705049906.766",,"41.95",
"1705049906.776","54.59",,
"1705049906.778",,"45.41",
"1705049906.788","54.27",,
"1705049906.789",,"45.73",
"1705049906.799","60.19",,
"1705049906.8",,"39.81",
"1705049906.81","55.97",,
"1705049906.812",,"44.03",
"1705049906.822","55.31",,
"1705049906.823",,"44.69",
"1705049906.833","61.37",,
"1705049906.835",,"38.63",
"1705049906.845","56.82",,
"1705049906.846",,"43.18",
"1705049906.856","56.05",,
"1705049906.858",,"43.95",
"1705049906.868","54.9",,
"1705049906.869",,"45.1",
"1705049906.879","55.72",,
"1705049906.881",,"44.28",
"1705049906.891","54.27",,
"1705049906.893",,"45.73",
"1705049906.903","53.42",,
"1705049906.904",,"46.58",
"1705049906.914","54.82",,
"1705049906.916",,"45.18",
"1705049906.926","53.5",,
"1705049906.927",,"46.5",
"1705049906.937","58.78",,
"1705049906.939",,"41.22",
"1705049906.948","54.11",,
"1705049906.95",,"45.89",
"1705049906.96","52.97",,
"1705049906.961",,"47.03",
"1705049906.971","58.78",,
"1705049906.973",,"41.22",
"1705049906.983","59.71",,
"1705049906.984",,"40.29",
"1705049906.994","54.19",,
"1705049906.996",,"45.81",
"1705049907.006","60.19",,
"1705049907.044",,"39.81",
"1705049907.045","54.82","38.83",
"1705049907.058","60.58","39.42",
"1705049907.067","55.23","38.63",
"1705049907.068",,"44.77",
"1705049907.075","60.88",,
"1705049907.077",,"39.12",
"1705049907.087","61.27",,
"1705049907.091",,"38.73",
"1705049907.098","54.9",,
"1705049907.099",,"45.1",
"1705049907.109","60.58",,
"1705049907.111",,"39.42",
"1705049907.121","61.17",,
"1705049907.122",,"38.83",
"1705049907.132","54.59",,
"1705049907.134",,"45.41",
"1705049907.144","59.71",,
"1705049907.145",,"40.29",
"1705049907.155","60.29",,
"1705049907.157",,"39.71",
"1705049907.171","54.11",,
"1705049907.174",,"45.89",
"1705049907.178","59.9",,
"1705049907.18",,"40.1",
"1705049907.19","60.39",,
"1705049907.191",,"39.61",
"1705049907.201","56.48",,
"1705049907.203",,"43.52",
"1705049907.213","60.1",,
"1705049907.215",,"39.9",
"1705049907.224","61.07",,
"1705049907.226",,"38.93",
"1705049907.236","57.08",,
"1705049907.237",,"42.92",
"1705049907.247","60.19",,
"1705049907.249",,"39.81",
"1705049907.259","60.88",,
"1705049907.26",,"39.12",
"1705049907.27","56.9",,
"1705049907.272",,"43.1",
"1705049907.282","60",,
"1705049907.283",,"40",
"1705049907.293","60.29",,
"1705049907.295",,"39.71",
"1705049907.305","55.8",,
"1705049907.306",,"44.2",
"1705049907.316","52.59",,
"1705049907.318",,"47.41",
"1705049907.328","58.59",,
"1705049907.329",,"41.41",
"1705049907.339","54.59",,
"1705049907.341",,"45.41",
"1705049907.351","51.65",,
"1705049907.352",,"48.35",
"1705049907.362","60.39",,
"1705049907.364",,"39.61",
"1705049907.373","51.09",,
"1705049907.375",,"48.91",
"1705049907.385","52.37",,
"1705049907.387",,"47.63",
"1705049907.396","57.96",,
"1705049907.398",,"42.04",
"1705049907.408","53.65",,
"1705049907.41",,"46.35",
"1705049907.419","54.99",,
"1705049907.421",,"45.01",
"1705049907.431","59.9",,
"1705049907.432",,"40.1",
"1705049907.442","55.23",,
"1705049907.444",,"44.77",
"1705049907.454","56.22",,
"1705049907.455",,"43.78",
"1705049907.465","65.79",,
"1705049907.467",,"34.21",
"1705049907.477","56.31",,
"1705049907.478",,"43.69",
"1705049907.488","56.39",,
"1705049907.49",,"43.61",
"1705049907.5","64.88",,
"1705049907.501",,"35.12",
"1705049907.511","57.43",,
"1705049907.513",,"42.57",
"1705049907.523","53.96",,
"1705049907.525",,"46.04",
"1705049907.534","62.6",,
"1705049907.536",,"37.4",
"1705049907.546","53.04",,
"1705049907.547",,"46.96",
"1705049907.557","53.27",,
"1705049907.559",,"46.73",
"1705049907.569","61.78",,
"1705049907.571",,"38.22",
"1705049907.58","52.45",,
"1705049907.582",,"47.55",
"1705049907.592","53.27",,
"1705049907.594",,"46.73",
"1705049907.603","63.13",,
"1705049907.605",,"36.87",
"1705049907.615","54.19",,
"1705049907.617",,"45.81",
"1705049907.626","55.72",,
"1705049907.628",,"44.28",
"1705049907.638","65.33",,
"1705049907.64",,"34.67",
"1705049907.649","55.72",,
"1705049907.651",,"44.28",
"1705049907.661","56.22",,
"1705049907.663",,"43.78",
"1705049907.672","65.67",,
"1705049907.674",,"34.33",
"1705049907.684","59.24",,
"1705049907.686",,"40.76",
"1705049907.695","55.8",,
"1705049907.697",,"44.2",
"1705049907.707","61.17",,
"1705049907.709",,"38.83",
"1705049907.718","56.22",,
"1705049907.72",,"43.78",
"1705049907.73","52.82",,
"1705049907.731",,"47.18",
"1705049907.741","60.68",,
"1705049907.743",,"39.32",
"1705049907.753","50.88",,
"1705049907.754",,"49.12",
"1705049907.764","51.16",,
"1705049907.766",,"48.84",
"1705049907.776","54.99",,
"1705049907.778",,"45.01",
"1705049907.787","55.23",,
"1705049907.789",,"44.77",
"1705049907.799","50.54",,
"1705049907.801",,"49.46",
"1705049907.811","50.74",,
"1705049907.812",,"49.26",
"1705049907.822","56.65",,
"1705049907.824",,"43.35",
"1705049907.833","52.08",,
"1705049907.835",,"47.92",
"1705049907.845","52.01",,
"1705049907.847",,"47.99",
"1705049907.857","53.42",,
"1705049907.858",,"46.58",
"1705049907.868","52.89",,
"1705049907.87",,"47.11",
"1705049907.879","58.41",,
"1705049907.881",,"41.59",
"1705049907.891","54.19",,
"1705049907.893",,"45.81",
"1705049907.903","53.34",,
"1705049907.905",,"46.66",
"1705049907.914","59.15",,
"1705049907.916",,"40.85",
"1705049907.925","60.19",,
"1705049907.927",,"39.81",
"1705049907.937","53.96",,
"1705049907.939",,"46.04",
"1705049907.948","59.71",,
"1705049907.95",,"40.29",
"1705049907.96","60.78",,
"1705049907.962",,"39.22",
"1705049907.972","54.59",,
"1705049907.973",,"45.41",
"1705049907.983","60.1",,
"1705049907.985",,"39.9",
"1705049907.994","60.58",,
"1705049907.996",,"39.42",
"1705049908.006","56.14",,
"1705049908.008",,"43.86",
"1705049908.018","58.14",,
"1705049908.019",,"41.86",
"1705049908.029","57.52",,
"1705049908.031",,"42.48",
"1705049908.04","53.19",,
"1705049908.042",,"46.81",
"1705049908.052","49.93",,
"1705049908.054",,"50.07",
"1705049908.063","57.87",,
"1705049908.065",,"42.13",
"1705049908.075","48.83",,
"1705049908.076",,"51.17",
"1705049908.086","49.15",,
"1705049908.088",,"50.85",
"1705049908.098","48.64",,
"1705049908.1",,"51.36",
"1705049908.109","50.54",,
"1705049908.111",,"49.46",
"1705049908.121","52.01",,
"1705049908.123",,"47.99",
"1705049908.132","53.72",,
"1705049908.134",,"46.28",
"1705049908.144","56.82",,
"1705049908.145",,"43.18",
"1705049908.156","57.25",,
"1705049908.157",,"42.75",
"1705049908.167","57.43",,
"1705049908.169",,"42.57",
"1705049908.178","64.54",,
"1705049908.18",,"35.46",
"1705049908.19","59.34",,
"1705049908.191",,"40.66",
"1705049908.201","64.77",,
"1705049908.203",,"35.23",
"1705049908.213","57.34",,
"1705049908.215",,"42.66",
"1705049908.225","55.89",,
"1705049908.226",,"44.11",
"1705049908.236","62.19",,
"1705049908.238",,"37.81",
"1705049908.248","50.74",,
"1705049908.249",,"49.26",
"1705049908.259","49.8",,
"1705049908.261",,"50.2",
"1705049908.271","52.37",,
"1705049908.272",,"47.63",
"1705049908.282","51.8",,
"1705049908.284",,"48.2",
"1705049908.293","46.58",,
"1705049908.295",,"53.42",
"1705049908.305","50.34",,
"1705049908.307",,"49.66",
"1705049908.316","52.67",,
"1705049908.318",,"47.33",
"1705049908.328","48.51",,
"1705049908.329",,"51.49",
"1705049908.34","51.09",,
"1705049908.341",,"48.91",
"1705049908.351","61.58",,
"1705049908.353",,"38.42",
"1705049908.363","53.42",,
"1705049908.364",,"46.58",
"1705049908.374","54.9",,
"1705049908.375",,"45.1",
"1705049908.385","64.88",,
"1705049908.387",,"35.12",
"1705049908.397","55.39",,
"1705049908.399",,"44.61",
"1705049908.408","56.65",,
"1705049908.41",,"43.35",
"1705049908.42","65.79",,
"1705049908.422",,"34.21",
"1705049908.432","58.23",,
"1705049908.433",,"41.77",
"1705049908.443","54.74",,
"1705049908.445",,"45.26",
"1705049908.455","63.45",,
"1705049908.456",,"36.55",
"1705049908.466","56.56",,
"1705049908.468",,"43.44",
"1705049908.477","53.65",,
"1705049908.479",,"46.35",
"1705049908.489","62.29",,
"1705049908.49",,"37.71",
"1705049908.5","52.45",,
"1705049908.502",,"47.55",
"1705049908.512","53.19",,
"1705049908.514",,"46.81",
"1705049908.524","62.29",,
"1705049908.525",,"37.71",
"1705049908.535","53.34",,
"1705049908.537",,"46.66",
"1705049908.547","54.82",,
"1705049908.548",,"45.18",
"1705049908.558","64.43",,
"1705049908.56",,"35.57",
"1705049908.57","54.99",,
"1705049908.571",,"45.01",
"1705049908.581","56.22",,
"1705049908.583",,"43.78",
"1705049908.593","66.02",,
"1705049908.594",,"33.98",
"1705049908.604","59.34",,
"1705049908.606",,"40.66",
"1705049908.616","56.48",,
"1705049908.617",,"43.52",
"1705049908.627","62.81",,
"1705049908.629",,"37.19",
"1705049908.639","58.23",,
"1705049908.64",,"41.77",
"1705049908.65","54.82",,
"1705049908.652",,"45.18",
"1705049908.661","61.07",,
"1705049908.663",,"38.93",
"1705049908.673","56.9",,
"1705049908.674",,"43.1",
"1705049908.684","54.03",,
"1705049908.687",,"45.97",
"1705049908.696","60.19",,
"1705049908.698",,"39.81",
"1705049908.708","55.72",,
"1705049908.709",,"44.28",
"1705049908.719","53.04",,
"1705049908.72",,"46.96",
"1705049908.73","62.09",,
"1705049908.732",,"37.91",
"1705049908.742","56.65",,
"1705049908.743",,"43.35",
"1705049908.753","54.66",,
"1705049908.755",,"45.34",
"1705049908.765","64.43",,
"1705049908.766",,"35.57",
"1705049908.776","58.69",,
"1705049908.778",,"41.31",
"1705049908.788","56.22",,
"1705049908.79",,"43.78",
"1705049908.799","63.34",,
"1705049908.801",,"36.66",
"1705049908.81","59.24",,
"1705049908.812",,"40.76",
"1705049908.822","56.48",,
"1705049908.824",,"43.52",
"1705049908.834","63.13",,
"1705049908.835",,"36.87",
"1705049908.845","55.64",,
"1705049908.847",,"44.36",
"1705049908.857","60.58",,
"1705049908.858",,"39.42",
"1705049908.868","60.68",,
"1705049908.87",,"39.32",
"1705049908.879","56.39",,
"1705049908.881",,"43.61",
"1705049908.891","59.43",,
"1705049908.893",,"40.57",
"1705049908.903","59.62",,
"1705049908.904",,"40.38",
"1705049908.914","55.39",,
"1705049908.916",,"44.61",
"1705049908.925","52.74",,
"1705049908.927",,"47.26",
"1705049908.938","59.71",,
"1705049908.939",,"40.29",
"1705049908.949","56.82",,
"1705049908.95",,"43.18",
"1705049908.96","54.51",,
"1705049908.962",,"45.49",
"1705049908.972","61.48",,
"1705049908.973",,"38.52",
"1705049908.983","57.78",,
"1705049908.985",,"42.22",
"1705049908.994","55.07",,
"1705049908.996",,"44.93",
"1705049909.006","62.09",,
"1705049909.008",,"37.91",
"1705049909.017","58.14",,
"1705049909.019",,"41.86",
"1705049909.029","55.47",,
"1705049909.031",,"44.53",
"1705049909.041","62.09",,
"1705049909.043",,"37.91",
"1705049909.052","57.69",,
"1705049909.054",,"42.31",
"1705049909.064","60.68",,
"1705049909.065",,"39.32",
"1705049909.075","61.17",,
"1705049909.076",,"38.83",
"1705049909.087","57.08",,
"1705049909.088",,"42.92",
"1705049909.098","60.19",,
"1705049909.1",,"39.81",
"1705049909.109","60.88",,
"1705049909.111",,"39.12",
"1705049909.121","57.25",,
"1705049909.123",,"42.75",
"1705049909.132","60.78",,
"1705049909.134",,"39.22",
"1705049909.144","60.88",,
"1705049909.146",,"39.12",
"1705049909.156","55.64",,
"1705049909.158",,"44.36",
"1705049909.167","51.8",,
"1705049909.169",,"48.2",
"1705049909.218","56.99",,
"1705049909.219","49.87","47.41",
"1705049909.22","53.42","46.58",
"1705049909.242","53.57","46.43",
"1705049909.243","48.64","51.36",
"1705049909.248","49.21",,
"1705049909.25",,"50.79",
"1705049909.259","52.45",,
"1705049909.261",,"47.55",
"1705049909.274","53.65",,
"1705049909.279",,"46.35",
"1705049909.282","54.82",,
"1705049909.284",,"45.18",
"1705049909.294","56.99",,
"1705049909.296",,"43.01",
"1705049909.305","57.43",,
"1705049909.307",,"42.57",
"1705049909.317","57.87",,
"1705049909.318",,"42.13",
"1705049909.328","64.54",,
"1705049909.33",,"35.46",
"1705049909.34","59.52",,
"1705049909.341",,"40.48",
"1705049909.351","63.56",,
"1705049909.353",,"36.44",
"1705049909.363","56.48",,
"1705049909.365",,"43.52",
"1705049909.374","55.97",,
"1705049909.376",,"44.03",
"1705049909.386","63.67",,
"1705049909.388",,"36.33",
"1705049909.397","52.97",,
"1705049909.399",,"47.03",
"1705049909.409","53.27",,
"1705049909.41",,"46.73",
"1705049909.421","61.07",,
"1705049909.422",,"38.93",
"1705049909.432","51.37",,
"1705049909.434",,"48.63",
"1705049909.443","51.72",,
"1705049909.445",,"48.28",
"1705049909.455","56.31",,
"1705049909.457",,"43.69",
"1705049909.466","58.41",,
"1705049909.468",,"41.59",
"1705049909.478","54.11",,
"1705049909.479",,"45.89",
"1705049909.49","59.24",,
"1705049909.492",,"40.76",
"1705049909.501","60.78",,
"1705049909.502",,"39.22",
"1705049909.512","55.97",,
"1705049909.514",,"44.03",
"1705049909.524","60.88",,
"1705049909.525",,"39.12",
"1705049909.535","61.88",,
"1705049909.537",,"38.12",
"1705049909.547","56.99",,
"1705049909.55",,"43.01",
"1705049909.558","61.58",,
"1705049909.56",,"38.42",
"1705049909.57","55.07",,
"1705049909.575",,"44.93",
"1705049909.581","55.15",,
"1705049909.587",,"44.85",
"1705049909.593","63.13",,
"1705049909.598",,"36.87",
"1705049909.604","53.12",,
"1705049909.608",,"46.88",
"1705049909.616","53.8",,
"1705049909.62",,"46.2",
"1705049909.627","57.69",,
"1705049909.632",,"42.31",
"1705049909.639","52.3",,
"1705049909.642",,"47.7",
"1705049909.65","53.04",,
"1705049909.652",,"46.96",
"1705049909.662","57.52",,
"1705049909.663",,"42.48",
"1705049909.673","59.24",,
"1705049909.675",,"40.76",
"1705049909.685","54.9",,
"1705049909.694",,"45.1",
"1705049909.698","59.81","40.19",
"1705049909.709","60.88",,
"1705049909.712",,"39.12",
"1705049909.719","55.8",,
"1705049909.737","60.68","44.2",
"1705049909.738",,"39.32",
"1705049909.742","55.8",,
"1705049909.752",,"44.2",
"1705049909.765","56.73","43.27",
"1705049909.77","65.33","34.67",
"1705049909.777","54.82",,
"1705049909.778",,"45.18",
"1705049909.788","55.23",,
"1705049909.793",,"44.77",
"1705049909.801","63.78",,
"1705049909.809",,"36.22",
"1705049909.812","53.65",,
"1705049909.824",,"46.35",
"1705049909.825","54.11","45.89",
"1705049909.834","62.92",,
"1705049909.84",,"37.08",
"1705049909.846","53.5",,
"1705049909.85",,"46.5",
"1705049909.857","54.27",,
"1705049909.86",,"45.73",
"1705049909.868","58.5",,
"1705049909.873",,"41.5",
"1705049909.88","53.65",,
"1705049909.885",,"46.35",
"1705049909.897","54.66","45.34",
"1705049909.904","59.81",,
"1705049909.911",,"40.19",
"1705049909.916","54.82",,
"1705049909.919",,"45.18",
"1705049909.927","55.72",,
"1705049909.943","64.99","44.28",
"1705049909.951",,"35.01",
"1705049909.952","55.15","44.85",
"1705049909.963","55.8",,
"1705049909.966",,"44.2",
"1705049909.972","64.66",,
"1705049909.976",,"35.34",
"1705049909.984","54.35",,
"1705049910.002","54.59","45.41",
"1705049910.01","63.67","36.33",
"1705049910.018","57.16",,
"1705049910.025",,"42.84",
"1705049910.029","54.43",,
"1705049910.032",,"45.57",
"1705049910.041","63.88",,
"1705049910.044",,"36.12",
"1705049910.053","57.52",,
"1705049910.057",,"42.48",
"1705049910.064","54.9",,
"1705049910.073",,"45.1",
"1705049910.079","64.54","35.46",
"1705049910.091","58.32",,
"1705049910.092",,"41.68",
"1705049910.099","55.72",,
"1705049910.102",,"44.28",
"1705049910.11","62.5",,
"1705049910.112",,"37.5",
"1705049910.122","58.5",,
"1705049910.126",,"41.5",
"1705049910.133","55.56",,
"1705049910.144",,"44.44",
"1705049910.145","62.09",,
"1705049910.152",,"37.91",
"1705049910.156","58.14",,
"1705049910.159",,"41.86",
"1705049910.167","61.37",,
"1705049910.169",,"38.63",
"1705049910.179","61.17",,
"1705049910.181",,"38.83",
"1705049910.19","55.89",,
"1705049910.192",,"44.11",
"1705049910.207","52.01",,
"1705049910.209",,"47.99",
"1705049910.214","57.43",,
"1705049910.217",,"42.57",
"1705049910.226","53.04",,
"1705049910.227",,"46.96",
"1705049910.236","50",,
"1705049910.238",,"50",
"1705049910.248","58.05",,
"1705049910.252",,"41.95",
"1705049910.26","48.83",,
"1705049910.265",,"51.17",
"1705049910.272","49.34",,
"1705049910.275",,"50.66",
"1705049910.283","49.67",,
"1705049910.286",,"50.33",
"1705049910.294","57.6",,
"1705049910.297",,"42.4",
"1705049910.306","54.51",,
"1705049910.309",,"45.49",
"1705049910.317","55.15",,
"1705049910.319",,"44.85",
"1705049910.328","62.5",,
"1705049910.33",,"37.5",
"1705049910.34","57.96",,
"1705049910.343",,"42.04",
"1705049910.352","63.24",,
"1705049910.353",,"36.76",
"1705049910.363","58.41",,
"1705049910.364",,"41.59",
"1705049910.374","59.62",,
"1705049910.376",,"40.38",
"1705049910.386","68.31",,
"1705049910.388",,"31.69",
"1705049910.398","59.43",,
"1705049910.399",,"40.57",
"1705049910.409","55.64",,
"1705049910.411",,"44.36",
"1705049910.422","64.21",,
"1705049910.423",,"35.79",
"1705049910.432","56.56",,
"1705049910.435",,"43.44",
"1705049910.443","53.34",,
"1705049910.445",,"46.66",
"1705049910.455","61.37",,
"1705049910.458",,"38.63",
"1705049910.467","51.72",,
"1705049910.47",,"48.28",
"1705049910.478","51.94",,
"1705049910.48",,"48.06",
"1705049910.49","61.37",,
"1705049910.491",,"38.63",
"1705049910.501","53.04",,
"1705049910.503",,"46.96",
"1705049910.512","55.07",,
"1705049910.514",,"44.93",
"1705049910.524","65.33",,
"1705049910.525",,"34.67",
"1705049910.535","56.14",,
"1705049910.537",,"43.86",
"1705049910.547","57.08",,
"1705049910.548",,"42.92",
"1705049910.559","67.08",,
"1705049910.561",,"32.92",
"1705049910.57","60.88",,
"1705049910.572",,"39.12",
"1705049910.581","58.32",,
"1705049910.583",,"41.68",
"1705049910.593","64.88",,
"1705049910.595",,"35.12",
"1705049910.609","56.99","43.01",
"1705049910.616","61.58",,
"1705049910.618",,"38.42",
"1705049910.628","55.72",,
"1705049910.63",,"44.28",
"1705049910.639","54.11",,
"1705049910.641",,"45.89",
"1705049910.65","59.15",,
"1705049910.652",,"40.85",
"1705049910.662","59.62",,
"1705049910.664",,"40.38",
"1705049910.675","55.23",,
"1705049910.676",,"44.77",
"1705049910.685","57.96",,
"1705049910.686",,"42.04",
"1705049910.697","58.32",,
"1705049910.699",,"41.68",
"1705049910.708","54.74",,
"1705049910.709",,"45.26",
"1705049910.719","52.08",,
"1705049910.721",,"47.92",
"1705049910.731","60.68",,
"1705049910.733",,"39.32",
"1705049910.742","51.51",,
"1705049910.744",,"48.49",
"1705049910.754","52.16",,
"1705049910.757",,"47.84",
"1705049910.766","60.58",,
"1705049910.767",,"39.42",
"1705049910.777","51.51",,
"1705049910.778",,"48.49",
"1705049910.788","52.16",,
"1705049910.792",,"47.84",
"1705049910.8","57.25",,
"1705049910.802",,"42.75",
"1705049910.811","59.06",,
"1705049910.818",,"40.94",
"1705049910.823","55.15",,
"1705049910.827",,"44.85",
"1705049910.834","60.78",,
"1705049910.837",,"39.22",
"1705049910.846","56.14",,
"1705049910.848",,"43.86",
"1705049910.858","57.16",,
"1705049910.861",,"42.84",
"1705049910.885","67.2","32.8",
"1705049910.893","57.08",,
"1705049910.894",,"42.92",
"1705049910.916","59.71","35.46",
"1705049910.926",,"40.29",
"1705049910.938","61.78","44.11",
"1705049910.954","57.08","42.92",
"1705049910.981","53.72","46.28",
"1705049910.983","60.1",,
"1705049910.984","56.14","39.9",
"1705049910.985",,"43.86",
"1705049910.995","53.12",,
"1705049910.996",,"46.88",
"1705049911.007","60.29",,
"1705049911.01",,"39.71",
"1705049911.021","57.43",,
"1705049911.026",,"42.57",
"1705049911.029","55.56",,
"1705049911.031",,"44.44",
"1705049911.041","63.13",,
"1705049911.043",,"36.87",
"1705049911.052","59.43",,
"1705049911.054",,"40.57",
"1705049911.064","63.03",,
"1705049911.065",,"36.97",
"1705049911.076","64.1",,
"1705049911.077",,"35.9",
"1705049911.087","57.69",,
"1705049911.089",,"42.31",
"1705049911.099","63.56",,
"1705049911.1",,"36.44",
"1705049911.11","57.43",,
"1705049911.111",,"42.57",
"1705049911.121","54.51",,
"1705049911.123",,"45.49",
"1705049911.133","58.32",,
"1705049911.135",,"41.68",
"1705049911.144","52.37",,
"1705049911.147",,"47.63",
"1705049911.156","50.34",,
"1705049911.159",,"49.66",
"1705049911.167","49.28",,
"1705049911.169",,"50.72",
"1705049911.179","54.43",,
"1705049911.18",,"45.57",
"1705049911.191","47.65",,
"1705049911.192",,"52.35",
"1705049911.202","47.47",,
"1705049911.205",,"52.53",
"1705049911.213","52.97",,
"1705049911.215",,"47.03",
"1705049911.225","56.82",,
"1705049911.226",,"43.18",
"1705049911.236","53.96",,
"1705049911.238",,"46.04",
"1705049911.248","55.39",,
"1705049911.25",,"44.61",
"1705049911.259","62.92",,
"1705049911.261",,"37.08",
"1705049911.271","58.87",,
"1705049911.273",,"41.13",
"1705049911.282","64.66",,
"1705049911.284",,"35.34",
"1705049911.294","59.62",,
"1705049911.295",,"40.38",
"1705049911.305","60.88",,
"1705049911.307",,"39.12",
"1705049911.317","67.32",,
"1705049911.319",,"32.68",
"1705049911.329","58.32",,
"1705049911.331",,"41.68",
"1705049911.343","62.71",,
"1705049911.347",,"37.29",
"1705049911.351","56.05",,
"1705049911.353",,"43.95",
"1705049911.363","53.96",,
"1705049911.365",,"46.04",
"1705049911.375","58.5",,
"1705049911.377",,"41.5",
"1705049911.386","58.69",,
"1705049911.388",,"41.31",
"1705049911.397","54.03",,
"1705049911.401",,"45.97",
"1705049911.409","50.81",,
"1705049911.411",,"49.19",
"1705049911.421","58.05",,
"1705049911.426",,"41.95",
"1705049911.432","56.14",,
"1705049911.434",,"43.86",
"1705049911.443","54.51",,
"1705049911.445",,"45.49",
"1705049911.455","64.77",,
"1705049911.459",,"35.23",
"1705049911.466","59.15",,
"1705049911.469",,"40.85",
"1705049911.479","56.82",,
"1705049911.482",,"43.18",
"1705049911.489","64.77",,
"1705049911.494",,"35.23",
"1705049911.501","58.5",,
"1705049911.503",,"41.5",
"1705049911.513","65.1",,
"1705049911.516",,"34.9",
"1705049911.524","58.87",,
"1705049911.528",,"41.13",
"1705049911.535","55.39",,
"1705049911.537",,"44.61",
"1705049911.548","58.87",,
"1705049911.551",,"41.13",
"1705049911.559","52.45",,
"1705049911.562",,"47.55",
"1705049911.57","50.27",,
"1705049911.572",,"49.73",
"1705049911.582","48.96",,
"1705049911.585",,"51.04",
"1705049911.593","56.31",,
"1705049911.596",,"43.69",
"1705049911.605","46.93",,
"1705049911.61",,"53.07",
"1705049911.618","46.7",,
"1705049911.62",,"53.3",
"1705049911.628","52.59",,
"1705049911.63",,"47.41",
"1705049911.639","56.56",,
"1705049911.646",,"43.44",
"1705049911.65","54.27",,
"1705049911.654",,"45.73",
"1705049911.664","55.64",,
"1705049911.666",,"44.36",
"1705049911.677","63.78",,
"1705049911.682",,"36.22",
"1705049911.685","59.52",,
"1705049911.688",,"40.48",
"1705049911.696","65.67",,
"1705049911.698",,"34.33",
"1705049911.767","60.78",,
"1705049911.78","62.09","37.91",
"1705049911.781","68.56","31.44",
"1705049911.782","63.13","41.22",
"1705049911.783","53.8","46.2",
"1705049911.788","58.32",,
"1705049911.79",,"41.68",
"1705049911.8","52.59",,
"1705049911.822","51.09","48.91",
"1705049911.835","55.56",,
"1705049911.836","56.9","44.44",
"1705049911.838",,"43.1",
"1705049911.846","54.27",,
"1705049911.849",,"45.73",
"1705049911.858","52.23",,
"1705049911.86",,"47.77",
"1705049911.869","61.68",,
"1705049911.871",,"38.32",
"1705049911.88","52.82",,
"1705049911.882",,"47.18",
"1705049911.893","54.11",,
"1705049911.895",,"45.89",
"1705049911.903","63.24",,
"1705049911.906",,"36.76",
"1705049911.915","53.72",,
"1705049911.918",,"46.28",
"1705049911.927","54.51",,
"1705049911.928",,"45.49",
"1705049911.938","63.99",,
"1705049911.942",,"36.01",
"1705049911.95","54.74",,
"1705049911.951",,"45.26",
"1705049911.962","55.64",,
"1705049911.963",,"44.36",
"1705049911.973","65.22",,
"1705049911.976",,"34.78",
"1705049911.984","58.59",,
"1705049911.988",,"41.41",
"1705049911.996","55.72",,
"1705049911.997",,"44.28",
"1705049912.007","62.92",,
"1705049912.011",,"37.08",
"1705049912.019","59.24",,
"1705049912.02",,"40.76",
"1705049912.03","56.56",,
"1705049912.033",,"43.44",
"1705049912.042","63.13",,
"1705049912.044",,"36.87",
"1705049912.053","58.59",,
"1705049912.054",,"41.41",
"1705049912.065","62.19",,
"1705049912.068",,"37.81",
"1705049912.078","62.81",,
"1705049912.08",,"37.19",
"1705049912.088","55.89",,
"1705049912.089",,"44.11",
"1705049912.099","61.27",,
"1705049912.1",,"38.73",
"1705049912.11","56.31",,
"1705049912.113",,"43.69",
"1705049912.122","54.99",,
"1705049912.125",,"45.01",
"1705049912.133","60.48",,
"1705049912.135",,"39.52",
"1705049912.145","55.39",,
"1705049912.147",,"44.61",
"1705049912.156","53.65",,
"1705049912.16",,"46.35",
"1705049912.168","58.59",,
"1705049912.169",,"41.41",
"1705049912.179","58.59",,
"1705049912.181",,"41.41",
"1705049912.191","54.51",,
"1705049912.194",,"45.49",
"1705049912.202","51.37",,
"1705049912.204",,"48.63",
"1705049912.214","57.16",,
"1705049912.216",,"42.84",
"1705049912.225","53.34",,
"1705049912.227",,"46.66",
"1705049912.237","50.81",,
"1705049912.238",,"49.19",
"1705049912.249","60.48",,
"1705049912.25",,"39.52",
"1705049912.26","53.12",,
"1705049912.262",,"46.88",
"1705049912.271","55.31",,
"1705049912.275",,"44.69",
"1705049912.283","65.91",,
"1705049912.286",,"34.09",
"1705049912.295","56.99",,
"1705049912.302",,"43.01",
"1705049912.306","58.14",,
"1705049912.311",,"41.86",
"1705049912.317","66.14",,
"1705049912.319",,"33.86",
"1705049912.329","62.29",,
"1705049912.331",,"37.71",
"1705049912.341","66.25",,
"1705049912.346",,"33.75",
"1705049912.352","59.43",,
"1705049912.355",,"40.57",
"1705049912.364","55.8",,
"1705049912.365",,"44.2",
"1705049912.375","58.96",,
"1705049912.378",,"41.04",
"1705049912.387","52.16",,
"1705049912.396",,"47.84",
"1705049912.398","49.8",,
"1705049912.401",,"50.2",
"1705049912.41","48.39",,
"1705049912.411",,"51.61",
"1705049912.421","55.15",,
"1705049912.422",,"44.85",
"1705049912.432","45.73",,
"1705049912.434",,"54.27",
"1705049912.444","45.73",,
"1705049912.446",,"54.27",
"1705049912.455","47.05",,
"1705049912.459",,"52.95",
"1705049912.468","51.87",,
"1705049912.473",,"48.13",
"1705049912.48","54.99",,
"1705049912.481",,"45.01",
"1705049912.49","56.48",,
"1705049912.495",,"43.52",
"1705049912.502","64.88",,
"1705049912.503",,"35.12",
"1705049912.513","60.78",,
"1705049912.518",,"39.22",
"1705049912.525","66.73",,
"1705049912.527",,"33.27",
"1705049912.536","62.19",,
"1705049912.538",,"37.81",
"1705049912.549","63.78",,
"1705049912.55",,"36.22",
"1705049912.56","63.34",,
"1705049912.563",,"36.66",
"1705049912.571","59.71",,
"1705049912.573",,"40.29",
"1705049912.582","56.56",,
"1705049912.585",,"43.44",
"1705049912.594","56.48",,
"1705049912.596",,"43.52",
"1705049912.606","53.57",,
"1705049912.612",,"46.43",
"1705049912.617","51.8",,
"1705049912.619",,"48.2",
"1705049912.629","52.23",,
"1705049912.631",,"47.77",
"1705049912.642","50.27",,
"1705049912.645",,"49.73",
"1705049912.651","54.74",,
"1705049912.654",,"45.26",
"1705049912.663","55.97",,
"1705049912.664",,"44.03",
"1705049912.676","53.65",,
"1705049912.678",,"46.35",
"1705049912.686","51.94",,
"1705049912.688",,"48.06",
"1705049912.697","61.78",,
"1705049912.7",,"38.22",
"1705049912.709","52.89",,
"1705049912.711",,"47.11",
"1705049912.72","54.43",,
"1705049912.722",,"45.57",
"1705049912.731","64.21",,
"1705049912.733",,"35.79",
"1705049912.744","54.66",,
"1705049912.746",,"45.34",
"1705049912.754","55.89",,
"1705049912.756",,"44.11",
"1705049912.766","65.56",,
"1705049912.77",,"34.44",
"1705049912.778","58.96",,
"1705049912.779",,"41.04",
"1705049912.789","55.97",,
"1705049912.792",,"44.03",
"1705049912.801","62.5",,
"1705049912.803",,"37.5",
"1705049912.812","58.32",,
"1705049912.814",,"41.68",
"1705049912.824","55.89",,
"1705049912.826",,"44.11",
"1705049912.835","62.81",,
"1705049912.837",,"37.19",
"1705049912.847","58.87",,
"1705049912.848",,"41.13",
"1705049912.858","61.98",,
"1705049912.86",,"38.02",
"1705049912.87","61.98",,
"1705049912.872",,"38.02",
"1705049912.883","54.03",,
"1705049912.887",,"45.97",
"1705049912.894","58.5",,
"1705049912.896",,"41.5",
"1705049912.904","58.59",,
"1705049912.906",,"41.41",
"1705049912.916","54.11",,
"1705049912.919",,"45.89",
"1705049912.928","51.02",,
"1705049912.929",,"48.98",
"1705049912.939","59.24",,
"1705049912.941",,"40.76",
"1705049912.951","52.67",,
"1705049912.952",,"47.33",
"1705049912.962","50.07",,
"1705049912.964",,"49.93",
"1705049912.974","59.81",,
"1705049912.976",,"40.19",
"1705049912.986","52.74",,
"1705049912.988",,"47.26",
"1705049912.997","54.9",,
"1705049912.999",,"45.1",
"1705049913.009","65.79",,
"1705049913.01",,"34.21",
"1705049913.02","56.56",,
"1705049913.022",,"43.44",
"1705049913.032","58.41",,
"1705049913.034",,"41.59",
"1705049913.044","66.49",,
"1705049913.045",,"33.51",
"1705049913.055","62.81",,
"1705049913.056",,"37.19",
"1705049913.067","67.08",,
"1705049913.068",,"32.92",
"1705049913.078","60.1",,
"1705049913.08",,"39.9",
"1705049913.09","56.48",,
"1705049913.091",,"43.52",
"1705049913.101","53.04",,
"1705049913.103",,"46.96",
"1705049913.113","52.67",,
"1705049913.115",,"47.33",
"1705049913.124","50.07",,
"1705049913.126",,"49.93",
"1705049913.136","53.57",,
"1705049913.137",,"46.43",
"1705049913.147","53.04",,
"1705049913.149",,"46.96",
"1705049913.159","46.13",,
"1705049913.161",,"53.87",
"1705049913.171","45.96",,
"1705049913.172",,"54.04",
"1705049913.182","52.23",,
"1705049913.184",,"47.77",
"1705049913.194","56.82",,
"1705049913.195",,"43.18",
"1705049913.205","54.66",,
"1705049913.207",,"45.34",
"1705049913.216","56.22",,
"1705049913.218",,"43.78",
"1705049913.228","64.43",,
"1705049913.229",,"35.57",
"1705049913.239","60.68",,
"1705049913.241",,"39.32",
"1705049913.251","72.53",,
"1705049913.253",,"27.47",
"1705049913.262","66.14",,
"1705049913.265",,"33.86",
"1705049913.274","70.89",,
"1705049913.276",,"29.11",
"1705049913.285","62.92",,
"1705049913.287",,"37.08",
"1705049913.297","58.05",,
"1705049913.299",,"41.95",
"1705049913.309","53.65",,
"1705049913.311",,"46.35",
"1705049913.32","52.45",,
"1705049913.322",,"47.55",
"1705049913.331","49.15",,
"1705049913.333",,"50.85",
"1705049913.343","51.94",,
"1705049913.345",,"48.06",
"1705049913.354","53.04",,
"1705049913.356",,"46.96",
"1705049913.366","43.6",,
"1705049913.368",,"56.4",
"1705049913.378","42.96",,
"1705049913.379",,"57.04",
"1705049913.389","45.07",,
"1705049913.391",,"54.93",
"1705049913.401","51.3",,
"1705049913.402",,"48.7",
"1705049913.412","54.27",,
"1705049913.414",,"45.73",
"1705049913.423","63.24",,
"1705049913.426",,"36.76",
"1705049913.435","60.88",,
"1705049913.437",,"39.12",
"1705049913.447","62.09",,
"1705049913.449",,"37.91",
"1705049913.458","68.56",,
"1705049913.46",,"31.44",
"1705049913.47","64.1",,
"1705049913.472",,"35.9",
"1705049913.481","65.79",,
"1705049913.483",,"34.21",
"1705049913.494","65.22",,
"1705049913.495",,"34.78",
"1705049913.505","60.39",,
"1705049913.507",,"39.61",
"1705049913.516","57.25",,
"1705049913.518",,"42.75",
"1705049913.528","60.78",,
"1705049913.53",,"39.22",
"1705049913.539","53.72",,
"1705049913.541",,"46.28",
"1705049913.551","51.72",,
"1705049913.552",,"48.28",
"1705049913.563","51.8",,
"1705049913.564",,"48.2",
"1705049913.574","49.73",,
"1705049913.576",,"50.27",
"1705049913.585","53.57",,
"1705049913.587",,"46.43",
"1705049913.597","54.9",,
"1705049913.599",,"45.1",
"1705049913.609","53.27",,
"1705049913.611",,"46.73",
"1705049913.62","52.08",,
"1705049913.622",,"47.92",
"1705049913.632","60.19",,
"1705049913.634",,"39.81",
"1705049913.643","56.99",,
"1705049913.645",,"43.01",
"1705049913.655","54.66",,
"1705049913.656",,"45.34",
"1705049913.666","62.19",,
"1705049913.668",,"37.81",
"1705049913.678","58.5",,
"1705049913.68",,"41.5",
"1705049913.689","55.89",,
"1705049913.691",,"44.11",
"1705049913.702","62.81",,
"1705049913.703",,"37.19",
"1705049913.713","56.22",,
"1705049913.715",,"43.78",
"1705049913.724","62.4",,
"1705049913.726",,"37.6",
"1705049913.736","57.34",,
"1705049913.738",,"42.66",
"1705049913.748","56.31",,
"1705049913.749",,"43.69",
"1705049913.759","61.78",,
"1705049913.761",,"38.22",
"1705049913.77","57.25",,
"1705049913.772",,"42.75",
"1705049913.782","56.39",,
"1705049913.784",,"43.61",
"1705049913.794","56.05",,
"1705049913.795",,"43.95",
"1705049913.805","61.58",,
"1705049913.807",,"38.42",
"1705049913.817","56.14",,
"1705049913.819",,"43.86",
"1705049913.828","55.39",,
"1705049913.83",,"44.61",
"1705049913.84","61.48",,
"1705049913.842",,"38.52",
"1705049913.851","56.31",,
"1705049913.853",,"43.69",
"1705049913.863","60.88",,
"1705049913.898","61.78","38.22",
"1705049913.899","55.97","44.03",
"1705049913.916","60.58","39.42",
"1705049913.918","54.82","45.18",
"1705049913.921","54.82",,
"1705049913.923",,"45.18",
"1705049913.932","58.59",,
"1705049913.935",,"41.41",
"1705049913.944","52.45",,
"1705049913.946",,"47.55",
"1705049913.955","52.67",,
"1705049913.957",,"47.33",
"1705049913.967","56.31",,
"1705049913.968",,"43.69",
"1705049913.978","56.9",,
"1705049913.98",,"43.1",
"1705049913.989","51.44",,
"1705049913.991",,"48.56",
"1705049914.001","50.81",,
"1705049914.003",,"49.19",
"1705049914.012","52.97",,
"1705049914.014",,"47.03",
"1705049914.024","54.35",,
"1705049914.026",,"45.65",
"1705049914.036","55.15",,
"1705049914.038",,"44.85",
"1705049914.047","62.6",,
"1705049914.049",,"37.4",
"1705049914.059","57.96",,
"1705049914.061",,"42.04",
"1705049914.07","63.24",,
"1705049914.072",,"36.76",
"1705049914.082","64.66",,
"1705049914.084",,"35.34",
"1705049914.094","59.43",,
"1705049914.095",,"40.57",
"1705049914.105","69.7",,
"1705049914.107",,"30.3",
"1705049914.117","59.9",,
"1705049914.118",,"40.1",
"1705049914.128","53.88",,
"1705049914.13",,"46.12",
"1705049914.139","60.29",,
"1705049914.141",,"39.71",
"1705049914.151","48.64",,
"1705049914.153",,"51.36",
"1705049914.162","47.41",,
"1705049914.164",,"52.59",
"1705049914.174","45.62",,
"1705049914.176",,"54.38",
"1705049914.186","45.62",,
"1705049914.187",,"54.38",
"1705049914.197","43.66",,
"1705049914.199",,"56.34",
"1705049914.209","42.52",,
"1705049914.21",,"57.48",
"1705049914.22","53.57",,
"1705049914.222",,"46.43",
"1705049914.232","50.54",,
"1705049914.234",,"49.46",
"1705049914.244","54.99",,
"1705049914.246",,"45.01",
"1705049914.255","62.71",,
"1705049914.257",,"37.29",
"1705049914.266","59.9",,
"1705049914.268",,"40.1",
"1705049914.278","62.6",,
"1705049914.28",,"37.4",
"1705049914.29","72.39",,
"1705049914.292",,"27.61",
"1705049914.301","66.49",,
"1705049914.303",,"33.51",
"1705049914.313","73.1",,
"1705049914.315",,"26.9",
"1705049914.324","63.45",,
"1705049914.326",,"36.55",
"1705049914.336","59.06",,
"1705049914.338",,"40.94",
"1705049914.348","61.88",,
"1705049914.349",,"38.12",
"1705049914.359","54.43",,
"1705049914.361",,"45.57",
"1705049914.371","48.7",,
"1705049914.373",,"51.3",
"1705049914.382","50.81",,
"1705049914.384",,"49.19",
"1705049914.394","49.15",,
"1705049914.395",,"50.85",
"1705049914.405","43.4",,
"1705049914.407",,"56.6",
"1705049914.417","46.07",,
"1705049914.419",,"53.93",
"1705049914.428","50.27",,
"1705049914.43",,"49.73",
"1705049914.44","47.11",,
"1705049914.442",,"52.89",
"1705049914.451","51.58",,
"1705049914.453",,"48.42",
"1705049914.463","58.78",,
"1705049914.465",,"41.22",
"1705049914.475","56.05",,
"1705049914.476",,"43.95",
"1705049914.486","58.69",,
"1705049914.488",,"41.31",
"1705049914.498","70.62",,
"1705049914.5",,"29.38",
"1705049914.509","64.66",,
"1705049914.511",,"35.34",
"1705049914.521","69.57",,
"1705049914.523",,"30.43",
"1705049914.532","62.6",,
"1705049914.534",,"37.4",
"1705049914.544","57.52",,
"1705049914.546",,"42.48",
"1705049914.555","54.35",,
"1705049914.557",,"45.65",
"1705049914.567","56.9",,
"1705049914.569",,"43.1",
"1705049914.579","50.34",,
"1705049914.58",,"49.66",
"1705049914.59","53.65",,
"1705049914.592",,"46.35",
"1705049914.602","52.45",,
"1705049914.604",,"47.55",
"1705049914.614","47.59",,
"1705049914.615",,"52.41",
"1705049914.625","44.64",,
"1705049914.627",,"55.36",
"1705049914.637","50.13",,
"1705049914.638",,"49.87",
"1705049914.648","55.47",,
"1705049914.65",,"44.53",
"1705049914.66","54.19",,
"1705049914.662",,"45.81",
"1705049914.671","61.88",,
"1705049914.673",,"38.12",
"1705049914.683","64.88",,
"1705049914.684",,"35.12",
"1705049914.695","61.17",,
"1705049914.696",,"38.83",
"1705049914.706","73.53",,
"1705049914.708",,"26.47",
"1705049914.718","67.2",,
"1705049914.72",,"32.8",
"1705049914.729","65.1",,
"1705049914.731",,"34.9",
